timestamp_s,bytes_this_frame
0.0000,110458
0.0595,121554
0.0707,63866
0.0777,146809
0.0832,121456
0.1202,53286
0.1526,118527
0.1832,132901
0.2165,109012
0.2520,101927
0.2873,123452
0.3195,84034
0.3489,94706
0.3849,57402
0.4179,121841
0.4519,141762
0.4835,58922
0.5184,69665
0.5488,81243
0.5812,107291
0.6196,98070
0.6576,112323
0.6863,87066
0.7155,86925
0.7503,67015
0.7844,97523
0.8193,95269
0.8511,83941
0.8832,61065
0.9203,55000
0.9489,130537
0.9829,90639
1.0164,70762
1.0526,79689
1.0822,77851
1.1179,96697
1.1519,91870
1.1840,108276
1.2172,80807
1.2512,143445
1.2852,80617
1.3168,51197
1.3516,114574
1.3828,77886
1.4165,124961
1.4499,86670
1.4857,54783
1.5174,51975
1.5518,106131
1.5867,121770
1.6157,106004
1.6521,64074
1.6814,114257
1.7169,57966
1.7492,125152
1.7832,112203
1.8178,84525
1.8519,110145
1.8829,72818
1.9203,59794
1.9492,90110
1.9813,149820
2.0170,56808
2.0500,85704
2.0834,124761
2.1153,105241
2.1517,111853
2.1858,95062
2.2166,145781
2.2516,64051
2.2844,93348
2.3209,80390
2.3523,56921
2.3833,143962
2.4180,137396
2.4514,117637
2.4815,139898
2.5155,65321
2.5506,102426
2.5821,142403
2.6195,89417
2.6494,72897
2.6885,96579
2.7222,147487
2.7500,88537
2.7819,56118
2.8160,145381
2.8540,75449
2.8832,82528
2.9154,108784
2.9523,122579
2.9832,78141
3.0161,103743
3.0498,117841
3.0869,61459
3.1188,141950
3.1498,80648
3.1869,105707
3.2172,63923
3.2504,65657
3.2842,73894
3.3179,94663
3.3495,65074
3.3826,146437
3.4200,67556
3.4530,110088
3.4825,87075
3.5176,134165
3.5496,90921
3.5861,135285
3.6178,97772
3.6492,93461
3.6837,83519
3.7153,110652
3.7497,87342
3.7844,68689
3.8185,90436
3.8499,70049
3.8836,74169
3.9160,64712
3.9496,133656
3.9813,148693
4.0185,60550
4.0518,134646
4.0825,125026
4.1154,55693
4.1489,149594
4.1820,74561
4.2185,135399
4.2496,78579
4.2814,86784
4.3162,149684
4.3494,87243
4.3816,81043
4.4168,82354
4.4513,144604
4.4839,72471
4.5183,83307
4.5527,78034
4.5872,92795
4.6206,68883
4.6503,101234
4.6827,126490
4.7185,97245
4.7517,148616
4.7837,57392
4.8179,105016
4.8509,127868
4.8880,95951
4.9184,133735
4.9531,137307
4.9855,71925
5.0181,84577
5.0496,66746
5.0867,117478
5.1154,127914
5.1521,140270
5.1828,103540
5.2182,147597
5.2539,100778
5.2818,79735
5.3182,115929
5.3523,144140
5.3829,99428
5.4170,75896
5.4516,141224
5.4835,98349
5.5154,61660
5.5489,145334
5.5834,84348
5.6185,66170
5.6504,99825
5.6839,141501
5.7170,80135
5.7509,76418
5.7826,127581
5.8192,58543
5.8499,67566
5.8828,148946
5.9150,109133
5.9501,116912
5.9841,63797
6.0173,109785
6.0483,61380
6.0826,97884
6.1151,79559
6.1502,55086
6.1824,118744
6.2162,92264
6.2525,114395
6.2858,133191
6.3169,102062
6.3501,86698
6.3813,138005
6.4183,122582
6.4506,89266
6.4834,137825
6.5152,145336
6.5520,63004
6.5829,80628
6.6187,53180
6.6506,66554
6.6821,142944
6.7156,143276
6.7501,111405
6.7838,141329
6.8165,117013
6.8504,135029
6.8827,57040
6.9189,128028
6.9502,107818
6.9824,92586
7.0201,114170
7.0517,118458
7.0840,58199
7.1176,113249
7.1497,132812
7.1841,129649
7.2161,106817
7.2522,131915
7.2829,81298
7.3168,92120
7.3508,75105
7.3829,79104
7.4179,80722
7.4506,137225
7.4828,76142
7.5163,133483
7.5544,52492
7.5826,95104
7.6165,90656
7.6523,61498
7.6816,88819
7.7175,83030
7.7536,104968
7.7816,80348
7.8206,149706
7.8517,130272
7.8825,86394
7.9158,130023
7.9512,62484
7.9834,139437
8.0211,108910
8.0490,133443
8.0813,88863
8.1188,61137
8.1521,129743
8.1815,92605
8.2173,109483
8.2508,54139
8.2853,117433
8.3169,86047
8.3573,87923
8.3834,65169
8.4179,72907
8.4537,83911
8.4830,122278
8.5177,109855
8.5504,102421
8.5856,119508
8.6173,129279
8.6500,59200
8.6815,148733
8.7154,99254
8.7564,72683
8.7817,119773
8.8160,123345
8.8508,120872
8.8860,76564
8.9152,135647
8.9502,69872
8.9829,112744
9.0215,122543
9.0507,74464
9.0884,123446
9.1181,74714
9.1518,111095
9.1855,81521
9.2180,79755
9.2501,94776
9.2853,67580
9.3169,116796
9.3491,73865
9.3841,148137
9.4152,79869
9.4504,89248
9.4819,108312
9.5162,113745
9.5502,94234
9.5872,113548
9.6163,86542
9.6493,142464
9.6835,86169
9.7157,51359
9.7517,57525
9.7830,134731
9.8172,131382
9.8498,138894
9.8857,86659
9.9155,88577
9.9530,53225
9.9814,56680
10.0192,88470
10.0512,116807
10.0827,124078
10.1153,123234
10.1516,146535
10.1820,76676
10.2190,63931
10.2495,59109
10.2836,50943
10.3157,111890
10.3505,51897
10.3855,72586
10.4192,140318
10.4526,120901
10.4814,131355
10.5164,91507
10.5539,125438
10.5835,104504
10.6196,65911
10.6556,98856
10.6858,57069
10.7198,57197
10.7489,144944
10.7849,146017
10.8183,82578
10.8521,104112
10.8838,76448
10.9195,85975
10.9490,101679
10.9859,94245
11.0190,96122
11.0493,93612
11.0814,95286
11.1156,94845
11.1486,60512
11.1858,130549
11.2159,119377
11.2516,81099
11.2865,98051
11.3183,107143
11.3491,79386
11.3817,144041
11.4202,122742
11.4487,119507
11.4830,127941
11.5169,148285
11.5502,126100
11.5844,96120
11.6172,78106
11.6508,53510
11.6823,107888
11.7158,73262
11.7495,130950
11.7827,143883
11.8181,109432
11.8485,78027
11.8859,106834
11.9160,108867
11.9497,83408
11.9855,58528
12.0174,71904
12.0518,101214
12.0856,50473
12.1198,55170
12.1488,56219
12.1855,53397
12.2191,100245
12.2510,147315
12.2864,79722
12.3188,145902
12.3490,86897
12.3819,91021
12.4165,95810
12.4488,88753
12.4835,136006
12.5172,51358
12.5511,77232
12.5842,97188
12.6164,129891
12.6498,114205
12.6841,59632
12.7181,57933
12.7508,136720
12.7820,57708
12.8177,62722
12.8500,90814
12.8840,109005
12.9184,66699
12.9495,134921
12.9820,59770
13.0156,112905
13.0500,137148
13.0821,112814
13.1153,55125
13.1514,51161
13.1836,121805
13.2171,52546
13.2492,119472
13.2824,137872
13.3432,120869
13.3533,140465
13.3815,58266
13.4161,53464
13.4498,87141
13.4823,92834
13.5152,103268
13.5502,124126
13.5834,85991
13.6166,74259
13.6520,137922
13.6846,118678
13.7151,64392
13.7506,78849
13.7835,58805
13.8202,56855
13.8518,106715
13.8832,82777
13.9177,138137
13.9501,54979
13.9818,113204
14.0171,96475
14.0517,62366
14.0858,81183
14.1194,54710
14.1504,149021
14.1858,141187
14.2184,55795
14.2543,69733
14.2876,130858
14.3195,73895
14.3491,100784
14.3889,117989
14.4173,57267
14.4560,121510
14.4854,73865
14.5176,54179
14.5511,102176
14.5840,130542
14.6157,142478
14.6540,127343
14.6841,126083
14.7227,89048
14.7494,60960
14.7839,80835
14.8181,68258
14.8500,69558
14.8832,112372
14.9189,144383
14.9508,72711
14.9840,119710
15.0179,53439
15.0544,62617
15.0817,74328
15.1179,110550
15.1488,77354
15.1842,124401
15.2172,138058
15.2498,135050
15.2830,68370
15.3177,147376
15.3517,55068
15.3816,139730
15.4200,126709
15.4544,108708
15.4828,143991
15.5167,98217
15.5525,85149
15.5841,61389
15.6163,96847
15.6488,69602
15.6836,58053
15.7184,66887
15.7511,142122
15.7831,144956
15.8151,140928
15.8567,118573
15.8823,62849
15.9212,84440
15.9533,75720
15.9871,65860
16.0196,66118
16.0522,111453
16.0811,107490
16.1165,81777
16.1505,88747
16.1852,116921
16.2170,107524
16.2507,51811
16.2845,125766
16.3180,81459
16.3500,66573
16.3853,91964
16.4154,136014
16.4516,108497
16.4819,120331
16.5188,140640
16.5517,75011
16.5826,115498
16.6173,50069
16.6538,72638
16.6829,116152
16.7193,142936
16.7495,76310
16.7815,122698
16.8155,112481
16.8569,90010
16.8840,135662
16.9179,111976
16.9525,122039
16.9836,72745
17.0176,112439
17.0506,139168
17.0839,140643
17.1177,115125
17.1534,87165
17.1821,51373
17.2194,61660
17.2507,80950
17.2834,121835
17.3164,113673
17.3544,51938
17.3861,90523
17.4204,115822
17.4505,69369
17.4854,62827
17.5182,62876
17.5504,134276
17.5845,146607
17.6177,55707
17.6493,148487
17.6863,131304
17.7152,65205
17.7527,76005
17.7869,70586
17.8192,50780
17.8558,126840
17.8888,74719
17.9195,75026
17.9508,62248
17.9866,90902
18.0165,136534
18.0529,71731
18.0830,137129
18.1172,142327
18.1498,91081
18.1869,144019
18.2161,71964
18.2522,115975
18.2826,75052
18.3176,89932
18.3541,114502
18.3839,123895
18.4175,60654
18.4619,129598
18.4852,75283
18.5183,143582
18.5508,93734
18.5860,126060
18.6180,117825
18.6527,93375
18.6814,113292
18.7150,127495
18.7507,83894
18.7850,130033
18.8154,76280
18.8504,58134
18.8813,119375
18.9163,69330
18.9530,130869
18.9829,140082
19.0210,94322
19.0523,136219
19.0816,142091
19.1181,134349
19.1496,105817
19.1863,133939
19.2197,75722
19.2512,65669
19.2839,137179
19.3156,132271
19.3524,140942
19.3818,118320
19.4164,69502
19.4519,100414
19.4822,137682
19.5168,135873
19.5521,112850
19.5845,70629
19.6192,76548
19.6492,119446
19.6818,90732
19.7197,98109
19.7490,57417
19.7828,95079
19.8174,105936
19.8494,57537
19.8833,81582
19.9178,68931
19.9480,128265
19.9831,100966
20.0182,145346
20.0483,124686
20.0828,65244
20.1171,66613
20.1493,121921
20.1837,59382
20.2189,128096
20.2564,143986
20.2838,79025
20.3354,124456
20.3514,67545
20.3878,67025
20.4176,66734
20.4507,68906
20.4876,92955
20.5171,72189
20.5511,63125
20.5819,122778
20.6189,146210
20.6526,113028
20.6851,54916
20.7154,134064
20.7511,54967
20.7828,74852
20.8180,87336
20.8499,100525
20.8845,75952
20.9167,111117
20.9508,95287
20.9831,148897
21.0156,56834
21.0511,134089
21.0838,54233
21.1194,53121
21.1515,116102
21.1863,73740
21.2178,131128
21.2556,61185
21.2812,121176
21.3151,61837
21.3504,112064
21.3842,51743
21.4168,75690
21.4520,89758
21.4831,54025
21.5162,144171
21.5510,142529
21.5823,102720
21.6194,137608
21.6494,100439
21.6846,121765
21.7178,129069
21.7497,106128
21.7825,92820
21.8180,50394
21.8515,138389
21.8833,148528
21.9191,91654
21.9500,62793
21.9812,79616
22.0151,130801
22.0513,134493
22.0839,67015
22.1159,51678
22.1514,107162
22.1828,70623
22.2152,128994
22.2537,85373
22.2841,70602
22.3160,140794
22.3526,67970
22.3829,111576
22.4171,113299
22.4510,50028
22.4823,144514
22.5182,94548
22.5517,109235
22.5837,55140
22.6161,120213
22.6493,113958
22.6835,93518
22.7188,104002
22.7495,54492
22.7823,91692
22.8213,112918
22.8503,64336
22.8866,80678
22.9153,101646
22.9527,60614
22.9820,95589
23.0192,56950
23.0485,58719
23.0838,112417
23.1165,149364
23.1519,105458
23.1812,59399
23.2157,63258
23.2527,124972
23.2811,72201
23.3170,58416
23.3530,73325
23.3831,118609
23.4169,126845
23.4480,94627
23.4824,141442
23.5171,83948
23.5494,72230
23.5822,126703
23.6207,113865
23.6525,89820
23.6840,142806
23.7193,54412
23.7490,63778
23.7841,61191
23.8191,84552
23.8515,83357
23.8832,142369
23.9175,65103
23.9515,95298
23.9835,95797
24.0204,66084
24.0494,112596
24.0841,75874
24.1171,114871
24.1507,91516
24.1813,117482
24.2171,147334
24.2500,58867
24.2823,111292
24.3185,128504
24.3498,67868
24.3837,122932
24.4161,137008
24.4481,139847
24.4829,92085
24.5163,74604
24.5534,63370
24.5824,149759
24.6188,131688
24.6497,124864
24.6828,145695
24.7152,87328
24.7508,76665
24.7829,83017
24.8149,79812
24.8486,67302
24.8827,116251
24.9165,106444
24.9515,131648
24.9824,101886
25.0194,99994
25.0515,86105
25.0858,76029
25.1155,79597
25.1511,73238
25.1827,85078
25.2202,134922
25.2505,88804
25.2830,69202
25.3170,147271
25.3484,85844
25.3819,109742
25.4177,62461
25.4487,129211
25.4817,68389
25.5159,67104
25.5483,144373
25.5835,111055
25.6185,130137
25.6516,117860
25.6837,99614
25.7154,128443
25.7495,121599
25.7812,64656
25.8169,115110
25.8496,106577
25.8830,111716
25.9170,131544
25.9503,82400
25.9817,100170
26.0177,126241
26.0508,75605
26.0818,80563
26.1174,98406
26.1517,89779
26.1837,105506
26.2174,72320
26.2485,140502
26.2814,106297
26.3164,98627
26.3492,69024
26.3834,107365
26.4188,75583
26.4489,90663
26.4835,116908
26.5182,95939
26.5507,131429
26.5813,145640
26.6186,113658
26.6499,78539
26.6821,66942
26.7203,71193
26.7483,71609
26.7832,140175
26.8154,97692
26.8512,88413
26.8813,82334
26.9176,79547
26.9513,65107
26.9860,131988
27.0177,113377
27.0486,58316
27.0836,123075
27.1201,143637
27.1514,132535
27.1832,61031
27.2185,109561
27.2492,82160
27.2815,104973
27.3185,74587
27.3502,140113
27.3845,99315
27.4198,71771
27.4504,125173
27.4838,85791
27.5199,123782
27.5509,122699
27.5826,64934
27.6182,104134
27.6491,126991
27.6819,78400
27.7204,140704
27.7495,122630
27.7818,96831
27.8188,98358
27.8487,73477
27.8831,141242
27.9171,80725
27.9487,51150
27.9837,136601
28.0167,114402
28.0496,145633
28.0832,68695
28.1171,135319
28.1512,117468
28.1855,124579
28.2180,93466
28.2520,147030
28.2816,141602
28.3155,149052
28.3487,104750
28.3814,91420
28.4163,63124
28.4502,149610
28.4834,149230
28.5153,58412
28.5503,110777
28.5817,126355
28.6160,74770
28.6519,132507
28.6824,149050
28.7175,100467
28.7514,124471
28.7870,123837
28.8150,97881
28.8494,138580
28.8813,50931
28.9197,118761
28.9508,70096
28.9822,123798
29.0169,78389
29.0484,132140
29.0832,132990
29.1173,115515
29.1503,86610
29.1860,75647
29.2162,64744
29.2496,52552
29.2822,91439
29.3176,115169
29.3520,112536
29.3834,138162
29.4171,131973
29.4496,59635
29.4852,83786
29.5160,62076
29.5534,75771
29.5831,116869
29.6182,114774
29.6508,93081
29.6819,56309
29.7156,94895
29.7521,56970
29.7840,114632
29.8169,101085
29.8495,114575
29.8838,51942
29.9161,71154
29.9503,141928
29.9829,80294
30.0186,70849
30.0497,131752
30.0831,74355
30.1183,51201
30.1479,67108
30.1840,139471
30.2163,99549
30.2508,92937
30.2844,147298
30.3162,128613
30.3498,95665
30.3843,68271
30.4206,113659
30.4513,130304
30.4818,141897
30.5155,67880
30.5534,74021
30.5814,98678
30.6163,75829
30.6510,73604
30.6836,117237
30.7180,85150
30.7520,118294
30.7836,129005
30.8182,98992
30.8512,149636
30.8818,71790
30.9177,83674
30.9493,54635
30.9845,138434
31.0171,134860
31.0480,106995
31.0814,102553
31.1173,80042
31.1488,141979
31.1872,89422
31.2178,108017
31.2488,124764
31.2832,62042
31.3170,114202
31.3517,107574
31.3823,106955
31.4165,97918
31.4491,58188
31.4853,140534
31.5167,133803
31.5488,123516
31.5823,67615
31.6179,103425
31.6522,107060
31.6819,125111
31.7174,128627
31.7526,97354
31.7872,99189
31.8175,50714
31.8485,109444
31.8871,89949
31.9169,112398
31.9515,124656
31.9849,148795
32.0195,136109
32.0526,52482
32.0839,140378
32.1182,96544
32.1495,56528
32.1835,103511
32.2163,77331
32.2492,138259
32.2817,100497
32.3181,60576
32.3499,119443
32.3828,99894
32.4163,52009
32.4508,121788
32.4837,117283
32.5188,90545
32.5565,73706
32.5859,73868
32.6200,137235
32.6491,111995
32.6830,105792
32.7172,110969
32.7558,130143
32.7837,53472
32.8171,143338
32.8484,66793
32.8830,131970
32.9192,120219
32.9537,116458
32.9829,128251
33.0170,80294
33.0499,78918
33.0913,123387
33.1160,118528
33.1509,131348
33.1851,129516
33.2185,141817
33.2527,73336
33.2863,107941
33.3176,66586
33.3522,148958
33.3815,113490
33.4156,86209
33.4527,94545
33.4831,139193
33.5221,78347
33.5510,127221
33.5814,148710
33.6160,116362
33.6494,87327
33.6850,96269
33.7193,112313
33.7525,142581
33.7830,112629
33.8171,92843
33.8514,103854
33.8830,87170
33.9189,145064
33.9514,136676
33.9867,60627
34.0212,61548
34.0486,146494
34.0866,141341
34.1165,54557
34.1486,110033
34.1826,130347
34.2171,76818
34.2506,103617
34.2828,60147
34.3157,61396
34.3489,134191
34.3832,74790
34.4165,128697
34.4485,73512
34.4828,97627
34.5162,124969
34.5492,96640
34.5817,125612
34.6201,51195
34.6522,113747
34.6838,72643
34.7157,141611
34.7514,149911
34.7815,140779
34.8162,76418
34.8496,90849
34.8815,69950
34.9187,101514
34.9493,98952
34.9853,146831
35.0176,142763
35.0520,128813
35.0836,77128
35.1172,69317
35.1525,111919
35.1821,138261
35.2175,122617
35.2519,88469
35.2893,149076
35.3157,78049
35.3493,131760
35.3823,71030
35.4196,51598
35.4521,135740
35.4825,55183
35.5190,51023
35.5588,123551
35.5827,73592
35.6153,60514
35.6505,72573
35.6860,87713
35.7190,94091
35.7512,52905
35.7835,50174
35.8180,127068
35.8520,139775
35.8859,134738
35.9198,115710
35.9505,91441
35.9829,108433
36.0173,61544
36.0526,103285
36.0868,74133
36.1210,129673
36.1517,102712
36.1818,61112
36.2201,117806
36.2541,100473
36.2816,112242
36.3172,124098
36.3562,122346
36.3843,143770
36.4181,62221
36.4489,74766
36.4823,124343
36.5167,141646
36.5521,89140
36.5841,103789
36.6167,71962
36.6533,147020
36.6838,127935
36.7208,73828
36.7508,142340
36.7841,105937
36.8167,127196
36.8520,60838
36.8836,51088
36.9169,122760
36.9555,79249
36.9829,66524
37.0169,65092
37.0585,139563
37.0830,77309
37.1154,119733
37.1490,105412
37.1843,59633
37.2172,63572
37.2519,52178
37.2835,82592
37.3150,123324
37.3499,121947
37.3815,134709
37.4159,65828
37.4500,123290
37.4836,67011
37.5180,54227
37.5489,67491
37.5868,135655
37.6182,140482
37.6531,64598
37.6840,126446
37.7181,116173
37.7509,143140
37.7858,58992
37.8175,127919
37.8513,121565
37.8825,77662
37.9207,132510
37.9515,133303
37.9836,59086
38.0184,99096
38.0507,120536
38.0838,99020
38.1167,83543
38.1498,146754
38.1833,134954
38.2167,105635
38.2478,108788
38.2858,82804
38.3163,116512
38.3492,91537
38.3853,140796
38.4154,67019
38.4528,107244
38.4838,131327
38.5152,82747
38.5504,87541
38.5814,140449
38.6190,147677
38.6524,59218
38.6831,71012
38.7158,84261
38.7515,143564
38.7830,144853
38.8173,131597
38.8502,71235
38.8819,60118
38.9190,129065
38.9496,143609
38.9819,137961
39.0165,53355
39.0520,142596
39.0827,149865
39.1175,119081
39.1507,86912
39.1828,135047
39.2173,56450
39.2515,108570
39.2842,112753
39.3165,67716
39.3533,79654
39.3844,101203
39.4159,128940
39.4515,59793
39.4870,89204
39.5222,90278
39.5493,119377
39.5871,100665
39.6219,145520
39.6518,60383
39.6822,126283
39.7186,133127
39.7540,63338
39.7863,50875
39.8161,146930
39.8528,143836
39.8837,101363
39.9210,100356
39.9501,125760
39.9836,93089
40.0174,71821
40.0513,101017
40.0875,71135
40.1188,72417
40.1529,142087
40.1831,106112
40.2186,57990
40.2518,62651
40.2846,87748
40.3159,68728
40.3560,106889
40.3833,66193
40.4190,127350
40.4503,50451
40.4839,124251
40.5175,117276
40.5521,93515
40.5828,128663
40.6171,101150
40.6521,62023
40.6821,56438
40.7179,89301
40.7503,109012
40.7839,138975
40.8179,110668
40.8488,115199
40.8824,140772
40.9165,137475
40.9534,68356
40.9827,129045
41.0165,101135
41.0516,56500
41.0859,135931
41.1155,95430
41.1527,52740
41.1818,80436
41.2185,63798
41.2498,51658
41.2844,126037
41.3167,77609
41.3540,98877
41.3871,129742
41.4185,54014
41.4513,96704
41.4839,141575
41.5197,57567
41.5562,127730
41.5834,63810
41.6168,106871
41.6506,97112
41.6839,134141
41.7168,76210
41.7489,82125
41.7828,73080
41.8169,105536
41.8493,98301
41.8821,124939
41.9161,146083
41.9504,70435
41.9830,82608
42.0165,82969
42.0522,126091
42.0816,106192
42.1162,104712
42.1496,79300
42.1815,89198
42.2156,53539
42.2521,148583
42.2840,92431
42.3175,90450
42.3511,51364
42.3829,104372
42.4157,133395
42.4488,123544
42.4859,115270
42.5160,103170
42.5519,102809
42.5828,112628
42.6171,96775
42.6482,115680
42.6819,77786
42.7156,55637
42.7500,117118
42.7816,54295
42.8180,139948
42.8487,56950
42.8844,54507
42.9179,64240
42.9479,124936
42.9826,66338
43.0174,53627
43.0528,53998
43.0871,148615
43.1179,93614
43.1492,103851
43.1924,63181
43.2213,141495
43.2505,134472
43.2836,97026
43.3184,63462
43.3509,135957
43.3832,65907
43.4169,65415
43.4501,65480
43.4814,60483
43.5162,101021
43.5489,95236
43.5842,87167
43.6162,127408
43.6501,89463
43.6834,144050
43.7179,137410
43.7479,144423
43.7814,76583
43.8161,111237
43.8487,77584
43.8815,148954
43.9156,114042
43.9508,147274
43.9830,54069
44.0158,51718
44.0487,75078
44.0830,60744
44.1168,133414
44.1506,130451
44.1830,108617
44.2155,129390
44.2493,140627
44.2835,96573
44.3165,94090
44.3507,135669
44.3815,87071
44.4155,115162
44.4503,115859
44.4865,90348
44.5158,134670
44.5510,54946
44.5840,70826
44.6180,96490
44.6489,140038
44.6822,129555
44.7177,77358
44.7484,136605
44.7838,125957
44.8163,146316
44.8484,123631
44.8822,84002
44.9171,142099
44.9488,53101
44.9823,92032
45.0177,105510
45.0495,128702
45.0818,50341
45.1163,64879
45.1493,122079
45.1827,75614
45.2165,116181
45.2478,91116
45.2836,56827
45.3154,111917
45.3504,104066
45.3831,85591
45.4176,124300
45.4491,51729
45.4829,109435
45.5194,80669
45.5506,120222
45.5830,52708
45.6175,131483
45.6519,142176
45.6822,68358
45.7162,124571
45.7508,138738
45.7830,74728
45.8165,121914
45.8505,91869
45.8813,120934
45.9170,131588
45.9480,69232
45.9818,147218
46.0180,144141
46.0500,145788
46.0827,123745
46.1166,104690
46.1513,54284
46.1832,87968
46.2162,139173
46.2529,95728
46.2824,61528
46.3167,141937
46.3497,90488
46.3814,136285
46.4154,122017
46.4505,85726
46.4840,102432
46.5155,109340
46.5500,72204
46.5821,97338
46.6164,96348
46.6504,101173
46.6820,125927
46.7163,77164
46.7504,92930
46.7823,103716
46.8158,144512
46.8487,138399
46.8820,91472
46.9164,60528
46.9530,148166
46.9826,149976
47.0200,121366
47.0490,112738
47.0821,128744
47.1177,114132
47.1490,107254
47.1818,128156
47.2195,75212
47.2492,126658
47.2821,128873
47.3162,102341
47.3492,98701
47.3824,102403
47.4173,75645
47.4532,140712
47.4820,64278
47.5183,75300
47.5504,55936
47.5823,124379
47.6186,97562
47.6485,133544
47.6812,106756
47.7179,68596
47.7481,97934
47.7863,89291
47.8180,84120
47.8525,142914
47.8866,90967
47.9215,104015
47.9507,116834
47.9831,140459
48.0185,93529
48.0514,114653
48.0856,65336
48.1169,82034
48.1522,61041
48.1838,88823
48.2160,92361
48.2502,121503
48.2833,70331
48.3169,62321
48.3503,136879
48.3812,73376
48.4166,61746
48.4493,145779
48.4843,78733
48.5158,136064
48.5542,92099
48.5840,94809
48.6161,149928
48.6504,90329
48.6840,134663
48.7179,59743
48.7480,93734
48.7837,62099
48.8151,111737
48.8499,148779
48.8841,65495
48.9184,83694
48.9522,149544
48.9832,132879
49.0187,110920
49.0528,148600
49.0877,76407
49.1166,71451
49.1518,50229
49.1821,128750
49.2180,134334
49.2509,90866
49.2873,61405
49.3188,121099
49.3534,99206
49.3823,96277
49.4161,126469
49.4519,99176
49.4838,136626
49.5167,109404
49.5507,103004
49.5817,110684
49.6187,131629
49.6527,113097
49.6833,84959
49.7182,68859
49.7488,72691
49.7859,147493
49.8177,129925
49.8488,51137
49.8838,63069
49.9170,108778
49.9515,102930
49.9831,100804
50.0168,77676
50.0487,75176
50.0843,62472
50.1166,98328
50.1495,140741
50.1823,125318
50.2163,56167
50.2521,109220
50.2864,60745
50.3180,139728
50.3497,121126
50.3830,115532
50.4165,136220
50.4520,54078
50.4835,148356
50.5171,102495
50.5498,91322
50.5818,146724
50.6162,115791
50.6520,128511
50.6828,90232
50.7180,136990
50.7489,137776
50.7840,120455
50.8186,88329
50.8512,110310
50.8868,73965
50.9164,122287
50.9496,110551
50.9830,96135
51.0197,125290
51.0527,103425
51.0821,130418
51.1182,81132
51.1491,71688
51.1901,66125
51.2197,93690
51.2487,75882
51.2842,112472
51.3186,54399
51.3537,96159
51.3845,123966
51.4198,144140
51.4513,85840
51.4814,133700
51.5175,84233
51.5513,89527
51.5838,53129
51.6192,55341
51.6514,87380
51.6822,144835
51.7195,76306
51.7540,50058
51.7827,51250
51.8203,56987
51.8502,69942
51.8838,147677
51.9160,87692
51.9557,120243
51.9830,135396
52.0193,127752
52.0560,136976
52.0880,149513
52.1155,122097
52.1528,106463
52.1828,149275
52.2172,128121
52.2529,118129
52.2836,60805
52.3184,105247
52.3523,81802
52.3839,64760
52.4198,120140
52.4508,62108
52.4818,146466
52.5202,138721
52.5494,92682
52.5864,69300
52.6173,82304
52.6502,127248
52.6816,66288
52.7157,124561
52.7485,148371
52.7822,121508
52.8169,117932
52.8508,120718
52.8837,143584
52.9167,107027
52.9519,118631
52.9818,130257
53.0163,112501
53.0494,137075
53.0843,79650
53.1161,66366
53.1498,115752
53.1825,140476
53.2158,128002
53.2506,145836
53.2824,142330
53.3171,70796
53.3509,133320
53.3838,147266
53.4178,59502
53.4528,118566
53.4837,98802
53.5194,113212
53.5481,129211
53.5839,127379
53.6162,80993
53.6514,61148
53.6861,149128
53.7156,133443
53.7487,130204
53.7855,123658
53.8191,117198
53.8498,71722
53.8819,53886
53.9189,112288
53.9522,141239
53.9839,149586
54.0213,78346
54.0510,117381
54.0841,82759
54.1181,86165
54.1537,138770
54.1833,138368
54.2191,58562
54.2520,52536
54.2813,68552
54.3184,75769
54.3512,147281
54.3815,83960
54.4154,138812
54.4518,108541
54.4842,74879
54.5156,138060
54.5514,74768
54.5833,146201
54.6157,92346
54.6506,127668
54.6822,103922
54.7193,148040
54.7530,50723
54.7853,68220
54.8185,56724
54.8485,146822
54.8855,98558
54.9178,140528
54.9490,91360
54.9818,64579
55.0157,56825
55.0505,145104
55.0823,119432
55.1215,85974
55.1559,75444
55.1837,144271
55.2155,70854
55.2509,119571
55.2824,65978
55.3211,85844
55.3496,126595
55.3828,149117
55.4169,98528
55.4525,89423
55.4835,96404
55.5177,94861
55.5536,71242
55.5811,130235
55.6194,75358
55.6532,121682
55.6866,64387
55.7166,50300
55.7501,114958
55.7820,141330
55.8190,84752
55.8546,109789
55.8880,138522
55.9184,133108
55.9494,87233
55.9834,143515
56.0162,108836
56.0497,62516
56.0816,127966
56.1179,51877
56.1524,79983
56.1873,74818
56.2205,100313
56.2535,121927
56.2873,145257
56.3164,70018
56.3520,94958
56.3836,73265
56.4155,123200
56.4517,141644
56.4840,135725
56.5178,134960
56.5491,126387
56.5860,112541
56.6184,66169
56.6565,122409
56.6823,84500
56.7180,91987
56.7531,148496
56.7823,53165
56.8174,136989
56.8537,101370
56.8826,120080
56.9192,146188
56.9527,111010
56.9816,77919
57.0160,69356
57.0512,117947
57.0824,117172
57.1167,96795
57.1495,136112
57.1839,79422
57.2168,130382
57.2495,68280
57.2828,101019
57.3165,60286
57.3491,77879
57.3821,62728
57.4167,99725
57.4520,140157
57.4895,81664
57.5157,71388
57.5504,102743
57.5845,52000
57.6190,118240
57.6521,134939
57.6833,110607
57.7183,93900
57.7484,88736
57.7884,146074
57.8176,133624
57.8494,140934
57.8837,107919
57.9214,96231
57.9525,84294
57.9811,105350
58.0176,80051
58.0492,132376
58.0857,77957
58.1165,85921
58.1513,144445
58.1842,119427
58.2180,88026
58.2495,142662
58.2822,71296
58.3201,94430
58.3510,114390
58.3836,143402
58.4155,51672
58.4499,148764
58.4833,118090
58.5171,123717
58.5482,128058
58.5830,114231
58.6168,115874
58.6487,97568
58.6852,95228
58.7190,66020
58.7508,109116
58.7858,132703
58.8172,132151
58.8538,123256
58.8825,149071
58.9161,88384
58.9484,141444
58.9824,102749
59.0166,84574
59.0505,125990
59.0832,102545
59.1194,124175
59.1535,105227
59.1811,60869
59.2161,137945
59.2509,96401
59.2826,62269
59.3195,146362
59.3495,148734
59.3816,90691
59.4175,86576
59.4485,111417
59.4832,148595
59.5152,146043
59.5494,122946
59.5844,55445
59.6180,102728
59.6492,144070
59.6827,109032
59.7159,139735
59.7489,85653
59.7823,113727
59.8177,97867
59.8496,104421
59.8814,87218
59.9161,74987
59.9491,108371
59.9840,132935
60.0154,61468
60.0516,75981
60.0820,80281
60.1175,130213
60.1509,123219
60.1839,60317
60.2160,96687
60.2494,128822
60.2836,134600
60.3157,69079
60.3505,72917
60.3837,95539
60.4197,59296
60.4500,88451
60.4817,134021
60.5178,92317
60.5487,83594
60.5844,93264
60.6163,60244
60.6507,125685
60.6820,100479
60.7162,88179
60.7489,123820
60.7832,58990
60.8153,96770
60.8489,52782
60.8827,123100
60.9174,110527
60.9525,134244
60.9844,74277
61.0177,145010
61.0524,140272
61.0817,114672
61.1168,90059
61.1515,134476
61.1843,114847
61.2176,61716
61.2489,93899
61.2815,52390
61.3152,68770
61.3496,141940
61.3821,71308
61.4189,97615
61.4498,116189
61.4829,95107
61.5168,65260
61.5517,130459
61.5820,90003
61.6172,70577
61.6516,144783
61.6830,60510
61.7180,104375
61.7497,117849
61.7842,74014
61.8186,100457
61.8502,127762
61.8814,145344
61.9188,70275
61.9515,113894
61.9829,100175
62.0182,65774
62.0513,90335
62.0829,116805
62.1156,66243
62.1484,105289
62.1835,143393
62.2172,87954
62.2493,118461
62.2863,64056
62.3183,87682
62.3520,59850
62.3854,124661
62.4180,116520
62.4509,103238
62.4836,103809
62.5172,59781
62.5497,105850
62.5865,90853
62.6172,53380
62.6537,116637
62.6823,111275
62.7164,91868
62.7519,127726
62.7818,123179
62.8202,77515
62.8521,114848
62.8836,146095
62.9157,86843
62.9491,125030
62.9816,60492
63.0183,126996
63.0526,54757
63.0834,116851
63.1158,143439
63.1508,76069
63.1834,51969
63.2179,85222
63.2512,107822
63.2842,115745
63.3174,58679
63.3512,91621
63.3856,61458
63.4151,117585
63.4486,52057
63.4827,80056
63.5183,82948
63.5520,129038
63.5826,128786
63.6177,140892
63.6501,88671
63.6819,76552
63.7186,50832
63.7500,86065
63.7826,131186
63.8197,119436
63.8495,65155
63.8814,68536
63.9159,122048
63.9527,92675
63.9816,83928
64.0188,56993
64.0499,66110
64.0821,140231
64.1192,111917
64.1509,149146
64.1819,71658
64.2186,132963
64.2511,73473
64.2843,89107
64.3188,122102
64.3515,104162
64.3843,71590
64.4164,110928
64.4526,52709
64.4825,103858
64.5207,101872
64.5507,144548
64.5834,64083
64.6159,73350
64.6487,126734
64.6867,89683
64.7215,58234
64.7494,81540
64.7839,105501
64.8173,99730
64.8507,140476
64.8823,85398
64.9169,119211
64.9511,91220
64.9840,74413
65.0170,80249
65.0510,96303
65.0856,100505
65.1160,86514
65.1507,107192
65.1823,142770
65.2180,106622
65.2533,148671
65.2856,56926
65.3183,129812
65.3497,52393
65.3839,122627
65.4172,82853
65.4491,144826
65.4880,53289
65.5188,84551
65.5517,80243
65.5869,149766
65.6180,130936
65.6498,96957
65.6836,50565
65.7167,130220
65.7488,79345
65.7821,110144
65.8171,64465
65.8497,102337
65.8844,55753
65.9197,84700
65.9539,145358
65.9913,66586
66.0241,124732
66.0488,82880
66.1045,138395
66.1175,136910
66.1507,141573
66.1848,51452
66.2184,120989
66.2540,77993
66.2878,108722
66.3159,68326
66.3504,128778
66.3816,68441
66.4162,57604
66.4537,95497
66.4905,117166
66.5191,66141
66.5540,92931
66.5881,106934
66.6207,126666
66.6519,145935
66.6815,113547
66.7158,84703
66.7501,142221
66.7870,133431
66.8163,67173
66.8566,106025
66.8841,95684
66.9185,133446
66.9534,108043
66.9817,80915
67.0183,134784
67.0527,98887
67.0823,74709
67.1175,98133
67.1542,134146
67.1823,56216
67.2169,95994
67.2490,132829
67.2838,102214
67.3162,113541
67.3534,110825
67.3816,120503
67.4181,146704
67.4503,109898
67.4817,71037
67.5157,93649
67.5514,134057
67.5833,104785
67.6166,82161
67.6507,116735
67.6819,147185
67.7189,84044
67.7496,136593
67.7816,53261
67.8155,62280
67.8525,139890
67.8812,58567
67.9161,52678
67.9486,100352
67.9860,80583
68.0159,50267
68.0492,139886
68.0826,131297
68.1151,114676
68.1504,61722
68.1829,86376
68.2200,69522
68.2491,105651
68.2838,146910
68.3156,90450
68.3497,89484
68.3813,79759
68.4167,145225
68.4485,62559
68.4816,90490
68.5166,115053
68.5487,109565
68.5826,139307
68.6165,62317
68.6487,122304
68.6830,118074
68.7154,67837
68.7500,68183
68.7820,64423
68.8170,101550
68.8480,61127
68.8841,70845
68.9178,84627
68.9499,93009
68.9867,53586
69.0178,117453
69.0499,120898
69.0814,76226
69.1164,107622
69.1490,59570
69.1859,125694
69.2155,109079
69.2506,86046
69.2826,77251
69.3164,128312
69.3502,102132
69.3816,149365
69.4153,76399
69.4485,95730
69.4835,80646
69.5167,72369
69.5503,127238
69.5821,55182
69.6166,87344
69.6493,106962
69.6829,135703
69.7173,126163
69.7492,68871
69.7833,133090
69.8153,116588
69.8519,108992
69.8838,80516
69.9198,118775
69.9532,102912
69.9833,100212
70.0172,94481
70.0505,95835
70.0833,61220
70.1177,58683
70.1506,60050
70.1830,91304
70.2179,145385
70.2488,80883
70.2820,127842
70.3169,126258
70.3518,61442
70.3832,138426
70.4183,122639
70.4537,149034
70.4856,64746
70.5163,119084
70.5545,91656
70.5838,84351
70.6188,81127
70.6530,58034
70.6816,123420
70.7172,122544
70.7523,71967
70.7841,104282
70.8177,53424
70.8491,111218
70.8816,146207
70.9180,145261
70.9543,105834
70.9843,147753
71.0194,116714
71.0501,121770
71.0831,69383
71.1152,99314
71.1511,73685
71.1839,126208
71.2185,142774
71.2514,96496
71.2830,106322
71.3183,118222
71.3499,61576
71.3840,123968
71.4191,107054
71.4493,144005
71.4868,124787
71.5196,106660
71.5490,146094
71.5816,112949
71.6177,109391
71.6512,82198
71.6843,59774
71.7157,139967
71.7491,59440
71.7814,115359
71.8169,103864
71.8493,60128
71.8817,118971
71.9158,147703
71.9542,73453
71.9870,81704
72.0214,75962
72.0512,98638
72.0820,62084
72.1185,77464
72.1530,81311
72.1876,70132
72.2190,100903
72.2520,117617
72.2838,121197
72.3182,55722
72.3505,98669
72.3815,55375
72.4157,58375
72.4545,99370
72.4851,133852
72.5183,55790
72.5555,90433
72.5851,116295
72.6175,109574
72.6505,50419
72.6817,128822
72.7167,116767
72.7529,96261
72.7817,83654
72.8155,61839
72.8491,59645
72.8824,66294
72.9178,132301
72.9497,82937
72.9833,90875
73.0167,147394
73.0487,98711
73.0838,66668
73.1172,99957
73.1486,100072
73.1814,134419
73.2175,99222
73.2498,60270
73.2817,93678
73.3162,149604
73.3509,110844
73.3834,97691
73.4194,137707
73.4519,54071
73.4846,132917
73.5172,61028
73.5520,100772
73.5816,94149
73.6173,64195
73.6518,108717
73.6814,107121
73.7163,77846
73.7502,70389
73.7830,69353
73.8182,62415
73.8507,109905
73.8842,74044
73.9170,140951
73.9492,125535
73.9837,68758
74.0191,88723
74.0514,65841
74.0868,119923
74.1162,91367
74.1512,105217
74.1825,68271
74.2196,54479
74.2515,95034
74.2858,62046
74.3182,63809
74.3517,130438
74.3817,81346
74.4179,63373
74.4506,113993
74.4819,90999
74.5154,128793
74.5493,81412
74.5869,97897
74.6164,129659
74.6519,50663
74.6824,130272
74.7165,130176
74.7516,82650
74.7815,106972
74.8153,115175
74.8510,122499
74.8812,121943
74.9155,134888
74.9518,78268
74.9877,67334
75.0192,146886
75.0508,69743
75.0817,69599
75.1190,99061
75.1519,148210
75.1871,75053
75.2190,145982
75.2499,60937
75.2822,129108
75.3179,144757
75.3506,119897
75.3813,76729
75.4156,141150
75.4507,75697
75.4860,118343
75.5209,60061
75.5489,85205
75.5872,143057
75.6180,141526
75.6505,61225
75.6825,122761
75.7175,90545
75.7513,114500
75.7831,99264
75.8181,82964
75.8514,91205
75.8815,52862
75.9157,87083
75.9523,91789
75.9814,100879
76.0154,149985
76.0524,53115
76.0818,91532
76.1152,52262
76.1496,122622
76.1828,97196
76.2195,79238
76.2492,55347
76.2813,126235
76.3175,146055
76.3538,60102
76.3828,87187
76.4183,128073
76.4503,148259
76.4869,86909
76.5165,93354
76.5493,56833
76.5834,53308
76.6168,129037
76.6498,73495
76.6855,90949
76.7153,78545
76.7485,119493
76.7835,72550
76.8184,136132
76.8485,58627
76.8837,109886
76.9155,64728
76.9521,52633
76.9830,126547
77.0158,60182
77.0496,112521
77.0830,87756
77.1172,130592
77.1520,78216
77.1839,81461
77.2159,141355
77.2526,128197
77.2815,64697
77.3171,119200
77.3487,70219
77.3821,55217
77.4176,120444
77.4514,62535
77.4816,58651
77.5167,138157
77.5514,119138
77.5874,140038
77.6173,147136
77.6508,130155
77.6816,107010
77.7166,100702
77.7501,109390
77.7834,136995
77.8177,149352
77.8497,96418
77.8817,59547
77.9194,50251
77.9513,54340
77.9834,131087
78.0179,140386
78.0501,144940
78.0820,68444
78.1181,67358
78.1517,76254
78.1864,134461
78.2188,104074
78.2522,144989
78.2856,131392
78.3181,122034
78.3499,95959
78.3818,65283
78.4161,108721
78.4497,135846
78.4854,149430
78.5176,137199
78.5524,94346
78.5866,143510
78.6168,69113
78.6505,57116
78.6843,116228
78.7159,114368
78.7492,53425
78.7875,113420
78.8163,70931
78.8493,134161
78.8844,55048
78.9184,92314
78.9542,121955
78.9835,88594
79.0176,109308
79.0535,103626
79.0844,101727
79.1162,66953
79.1534,129544
79.1822,121628
79.2151,146837
79.2493,79953
79.2833,65103
79.3163,140630
79.3553,143246
79.3858,79702
79.4162,56533
79.4528,69883
79.4818,81874
79.5178,113908
79.5489,133876
79.5828,106793
79.6182,92384
79.6500,99036
79.6818,65885
79.7186,135972
79.7505,85978
79.7818,109292
79.8161,114036
79.8500,113494
79.8851,126739
79.9185,89585
79.9525,60557
79.9839,100957
80.0160,95243
80.0494,86741
80.0812,95748
80.1173,75241
80.1485,72935
80.1816,127532
80.2187,86281
80.2515,105082
80.2852,73941
80.3154,146123
80.3530,96183
80.3842,62401
80.4155,134460
80.4498,98729
80.4842,143586
80.5168,89627
80.5529,54744
80.5836,112236
80.6170,70082
80.6498,67667
80.6832,88433
80.7168,149339
80.7536,57854
80.7824,59196
80.8164,74379
80.8493,66953
80.8836,50580
80.9188,60486
80.9498,97872
80.9835,90991
81.0185,131924
81.0538,89194
81.0853,122236
81.1192,67260
81.1499,110588
81.1838,119038
81.2156,86872
81.2539,76901
81.2824,53959
81.3189,74014
81.3495,71032
81.3827,111938
81.4188,84252
81.4488,67767
81.4816,61916
81.5151,66369
81.5494,62307
81.5815,65827
81.6164,72515
81.6512,69302
81.6824,116350
81.7156,65198
81.7504,139348
81.7832,59926
81.8190,103849
81.8510,52989
81.8813,52067
81.9165,52939
81.9500,107888
81.9834,144929
82.0178,108515
82.0523,105006
82.0813,139116
82.1196,128972
82.1487,87153
82.1838,107171
82.2185,74145
82.2507,87015
82.2818,54103
82.3160,71052
82.3523,79626
82.3827,93152
82.4187,116013
82.4493,98261
82.4814,98737
82.5187,148467
82.5491,149262
82.5820,59253
82.6180,110047
82.6496,129651
82.6818,137023
82.7177,110371
82.7500,118947
82.7839,86891
82.8166,122359
82.8519,102455
82.8857,55215
82.9182,81852
82.9496,142720
82.9836,140636
83.0156,54896
83.0500,102807
83.0819,52104
83.1174,108480
83.1502,145799
83.1827,135608
83.2160,124309
83.2506,149831
83.2845,88285
83.3192,104964
83.3498,89192
83.3814,118884
83.4157,95947
83.4503,143238
83.4824,141303
83.5197,86437
83.5484,78510
83.5827,50686
83.6165,51673
83.6504,146889
83.6839,85674
83.7182,85476
83.7518,129404
83.7843,102269
83.8163,123365
83.8523,148927
83.8856,90916
83.9158,86907
83.9513,121360
83.9860,50295
84.0185,146131
84.0501,97866
84.0813,91945
84.1163,87862
84.1480,119595
84.1817,136647
84.2190,106780
84.2519,64032
84.2860,144273
84.3204,147646
84.3511,68827
84.3828,80462
84.4176,100266
84.4521,112652
84.4854,74802
84.5160,71615
84.5523,76883
84.5830,70431
84.6170,51394
84.6497,63458
84.6830,138776
84.7158,101935
84.7525,140455
84.7817,55045
84.8164,51079
84.8496,72383
84.8822,80865
84.9184,109359
84.9499,137160
84.9822,83934
85.0166,105674
85.0510,106377
85.0824,70856
85.1191,111405
85.1518,132431
85.1870,141583
85.2173,86647
85.2506,88928
85.2843,55884
85.3166,64112
85.3494,106949
85.3828,89526
85.4176,59378
85.4511,145395
85.4843,119843
85.5156,79809
85.5496,143917
85.5865,149451
85.6183,144622
85.6511,116469
85.6821,67858
85.7186,100294
85.7499,110534
85.7855,66530
85.8171,67334
85.8511,103723
85.8818,114956
85.9153,128009
85.9483,139270
85.9835,114828
86.0164,102708
86.0499,66034
86.0830,101450
86.1173,114603
86.1487,120781
86.1819,54759
86.2158,111217
86.2505,71705
86.2840,64830
86.3156,124114
86.3487,115227
86.3830,84263
86.4161,58938
86.4496,93090
86.4823,111789
86.5173,92278
86.5499,72365
86.5839,149620
86.6158,82808
86.6528,125520
86.6823,91037
86.7193,132935
86.7526,78217
86.7818,113542
86.8173,51834
86.8514,93233
86.8825,91838
86.9168,147794
86.9487,72055
86.9832,135255
87.0186,57842
87.0499,124562
87.0825,86366
87.1168,66392
87.1483,59461
87.1833,77204
87.2178,81546
87.2493,104438
87.2815,113191
87.3165,111165
87.3492,77013
87.3857,140279
87.4173,131453
87.4521,146633
87.4812,65590
87.5177,121284
87.5497,90246
87.5816,114255
87.6173,77793
87.6500,61464
87.6814,64682
87.7155,57815
87.7504,50482
87.7869,66440
87.8158,142097
87.8509,67974
87.8864,94874
87.9164,132639
87.9489,112997
87.9871,109614
88.0185,62858
88.0507,54686
88.0822,63015
88.1158,123132
88.1533,80623
88.1844,137977
88.2184,91905
88.2498,80509
88.2816,67504
88.3155,130687
88.3525,85204
88.3833,75918
88.4200,82558
88.4565,67662
88.4893,50561
88.5200,104152
88.5535,111485
88.5921,148476
88.6200,99132
88.6515,52844
88.6833,76374
88.7153,85515
88.7516,111697
88.7853,143940
88.8160,138766
88.8510,86995
88.8817,98631
88.9165,84132
88.9515,142028
88.9852,142106
89.0168,93808
89.0493,72902
89.0852,76261
89.1162,66008
89.1514,101829
89.1827,141275
89.2167,76455
89.2518,73486
89.2815,120916
89.3162,122558
89.3522,116403
89.3821,130453
89.4156,74519
89.4507,95899
89.4844,107283
89.5196,78088
89.5484,143159
89.5852,71603
89.6160,94103
89.6506,110677
89.6841,123985
89.7189,131864
89.7512,70889
89.7839,119650
89.8173,125365
89.8520,94578
89.8830,88345
89.9151,120069
89.9512,100123
89.9852,126122
90.0186,128621
90.0509,124345
90.0815,123176
90.1155,127152
90.1503,103096
90.1822,71887
90.2172,145020
90.2498,123421
90.2823,98231
90.3167,69508
90.3513,101578
90.3836,105834
90.4150,66007
90.4501,146316
90.4852,123343
90.5180,94922
90.5509,77808
90.5821,83157
90.6172,80090
90.7055,127467
90.7141,66143
90.7201,63517
90.7497,90449
90.7824,136623
90.8154,100606
90.8489,144141
90.8831,69740
90.9177,134003
90.9490,127664
90.9815,74442
91.0192,124349
91.0532,111374
91.0866,81916
91.1191,143100
91.1522,123492
91.1822,100433
91.2153,58552
91.2522,61391
91.2841,123138
91.3176,58668
91.3536,82300
91.3819,54547
91.4159,108246
91.4492,67975
91.4824,96550
91.5159,50603
91.5531,95521
91.5825,62136
91.6157,114839
91.6518,61134
91.6837,82365
91.7158,104194
91.7516,129973
91.7855,118258
91.8187,148006
91.8508,116807
91.8845,71216
91.9175,120690
91.9516,62038
91.9870,80727
92.0196,106413
92.0610,54936
92.0861,84834
92.1184,98005
92.1496,142410
92.1821,82162
92.2173,141913
92.2503,98862
92.2818,65969
92.3166,102636
92.3499,117479
92.3853,95449
92.4177,146481
92.4520,107241
92.4835,120142
92.5187,142488
92.5542,67655
92.5829,87767
92.6197,140283
92.6497,92526
92.6835,53070
92.7172,56448
92.7528,64824
92.7851,100174
92.8182,122124
92.8506,100289
92.8824,124817
92.9189,87942
92.9517,137295
92.9828,52379
93.0191,57032
93.0499,87653
93.0827,80534
93.1178,68533
93.1500,116496
93.1834,92948
93.2169,105067
93.2491,120749
93.2860,53700
93.3197,126130
93.3556,72323
93.3861,102830
93.4182,128506
93.4528,147599
93.4878,111297
93.5158,128332
93.5508,54320
93.5835,148666
93.6182,108501
93.6489,127258
93.6828,81835
93.7181,56398
93.7503,125850
93.7863,57010
93.8172,88561
93.8512,74874
93.8824,76101
93.9176,110065
93.9492,60262
93.9812,91661
94.0153,148124
94.0492,118546
94.0838,128406
94.1166,98792
94.1520,113780
94.1825,108414
94.2172,62963
94.2534,73477
94.2819,52421
94.3199,117111
94.3509,75105
94.3813,132515
94.4157,108906
94.4505,141269
94.4840,140797
94.5190,132849
94.5501,96038
94.5839,98400
94.6160,60224
94.6501,143684
94.6825,130963
94.7158,110583
94.7498,101540
94.7830,77006
94.8187,148867
94.8504,95298
94.8813,137377
94.9150,66060
94.9495,74538
94.9814,132433
95.0195,57476
95.0489,80525
95.0818,140735
95.1151,52210
95.1520,134195
95.1828,73431
95.2157,109131
95.2487,145629
95.2829,89660
95.3195,131446
95.3514,61984
95.3841,115573
95.4173,143938
95.4594,75148
95.4866,104016
95.5185,66820
95.5511,103086
95.5822,116593
95.6166,67211
95.6500,147946
95.6833,102172
95.7163,98905
95.7531,81340
95.7813,92730
95.8177,108939
95.8499,83301
95.8857,106300
95.9170,114897
95.9491,101974
95.9820,103828
96.0179,133899
96.0511,109475
96.0825,80788
96.1174,83729
96.1499,63554
96.1827,125805
96.2163,149675
96.2534,132104
96.2838,76646
96.3182,91251
96.3519,51420
96.3828,147550
96.4168,102535
96.4530,127242
96.4855,115035
96.5171,126895
96.5497,146534
96.5830,72790
96.6186,82051
96.6517,62627
96.6868,105431
96.7178,60022
96.7496,142927
96.7873,109478
96.8187,146664
96.8515,68094
96.8846,72890
96.9157,62184
96.9496,114443
96.9871,97376
97.0207,144515
97.0520,94138
97.0840,89564
97.1204,99443
97.1500,125552
97.1839,122613
97.2193,70392
97.2518,131703
97.2863,66889
97.3199,103074
97.3519,91385
97.3828,120822
97.4166,123317
97.4493,71953
97.4819,131934
97.5184,128774
97.5496,75676
97.5815,81634
97.6192,65700
97.6496,105618
97.6820,99701
97.7186,52816
97.7507,122209
97.7841,97259
97.8175,104515
97.8488,142404
99.3971,123234
99.4180,92130
99.4237,133695
99.4276,76982
99.4315,66932
99.4345,126716
99.4384,145498
99.4423,133798
99.4469,108909
99.4504,133555
99.4552,106361
99.4600,103426
99.4628,127430
99.4942,67848
99.5272,139670
99.5574,134112
99.5924,78362
99.6246,75943
99.6588,134192
99.6937,108393
99.7244,115810
99.7603,87104
99.7898,117231
99.8250,60498
99.8609,103694
99.8916,138779
99.9272,130802
99.9602,101892
99.9909,129007
100.0279,147935
100.0567,127420
100.0906,73052
100.1279,113904
100.1582,50013
100.1946,140215
100.2256,78603
100.2587,126676
100.2962,86657
100.3238,110043
100.3560,100731
100.3907,131750
100.4255,66979
100.4557,54261
100.4910,68930
100.5266,82055
100.5596,104432
100.5906,86126
100.6239,100609
100.6583,100184
100.6904,125729
100.7243,83893
100.7576,95609
100.7932,135606
100.8255,129821
100.8570,51868
100.8922,100488
100.9270,116585
100.9558,94104
100.9903,112028
101.0256,139585
101.0557,131261
101.0905,114617
101.1230,93166
101.1561,114105
101.1929,79578
101.2257,70767
101.2573,57110
101.2919,136559
101.3281,76433
101.3565,113443
101.3912,69909
101.4261,57453
101.4562,72357
101.4906,83997
101.5226,96011
101.5579,61245
101.5915,57861
101.6249,66909
101.6561,134136
101.6906,66500
101.7243,53759
101.7556,87732
101.7903,90738
101.8268,64446
101.8594,127345
101.8934,84155
101.9238,141230
101.9561,96331
101.9911,63542
102.0239,70026
102.0562,84028
102.0922,88015
102.1230,115237
102.1571,114709
102.1902,58933
102.2238,86112
102.2562,68526
102.2902,111595
102.3257,79386
102.3574,119727
102.3895,50864
102.4250,146999
102.4566,82902
102.4914,127016
102.5233,100042
102.5579,138482
102.5911,80693
102.6280,55955
102.6586,81949
102.6924,57812
102.7241,70348
102.7566,100659
102.7925,75343
102.8254,95792
102.8577,88599
102.8944,104986
102.9240,147633
102.9581,126144
102.9932,141955
103.0242,129561
103.0559,96299
103.0902,110094
103.1233,129777
103.1576,88860
103.1924,74824
103.2254,50002
103.2568,64120
103.2897,65456
103.3225,122295
103.3574,136743
103.3899,64915
103.4264,102750
103.4567,61325
103.4906,93578
103.5235,87990
103.5584,57529
103.5900,119177
103.6237,121163
103.6562,109836
103.6921,99657
103.7230,96083
103.7580,71618
103.7929,143156
103.8252,139313
103.8587,145415
103.8909,112767
103.9223,94550
103.9578,113528
103.9905,145671
104.0234,82835
104.0582,97489
104.0913,104487
104.1260,120168
104.1584,88262
104.1898,52562
104.2249,55716
104.2569,83920
104.2903,124081
104.3264,102292
104.3606,59741
104.3913,129172
104.4234,102099
104.4560,137998
104.4904,102253
104.5228,117387
104.5563,142565
104.5919,135408
104.6246,98345
104.6581,144192
104.6924,124565
104.7247,122407
104.7583,143439
104.7933,67530
104.8256,99817
104.8564,83267
104.8910,124603
104.9243,60910
104.9557,59189
104.9910,119126
105.0265,60919
105.0568,139317
105.0897,96918
105.1230,135371
105.1558,135571
105.1901,63420
105.2250,95411
105.2578,140606
105.2920,83371
105.3250,70938
105.3571,56114
105.3905,133268
105.4272,126282
105.4580,122850
105.4924,106365
105.5226,109599
105.5586,62220
105.5908,52350
105.6280,132145
105.6596,89362
105.6915,95491
105.7243,66044
105.7567,71367
105.7924,104240
105.8231,125521
105.8599,96869
105.8949,133435
105.9245,83795
105.9561,146798
105.9908,81732
106.0253,130621
106.0558,145198
106.0924,122822
106.1232,72460
106.1563,82545
106.1923,82379
106.2230,143395
106.2570,93967
106.2937,124608
106.3226,51530
106.3601,83648
106.3903,117640
106.4230,132513
106.4564,113715
106.4909,96947
106.5224,61111
106.5579,62826
106.5921,131940
106.6261,138362
106.6567,148588
106.6912,81294
106.7251,85975
106.7568,97309
106.7929,114405
106.8234,145603
106.8612,64901
106.8919,87557
106.9238,144938
106.9570,132549
106.9905,79559
107.0238,77797
107.0571,106983
107.0929,143188
107.1230,103426
107.1564,64796
107.1915,65700
107.2237,75469
107.2559,94869
107.2935,85954
107.3263,86677
107.3574,125733
107.3930,147467
107.4228,90726
107.4566,58915
107.4919,82519
107.5234,148812
107.5572,96201
107.5908,91162
107.6258,78913
107.6583,55627
107.6907,56234
107.7239,102119
107.7559,143447
107.7910,77396
107.8234,82958
107.8567,76478
107.8904,70819
107.9277,78925
107.9557,94236
107.9901,63439
108.0256,86125
108.0601,73635
108.0914,94624
108.1227,107224
108.1558,114333
108.1909,120541
108.2271,57983
108.2581,122663
108.2908,96629
108.3236,89198
108.3573,91370
108.3935,146527
108.4237,139749
108.4557,96626
108.4911,81353
108.5233,53057
108.5559,94640
108.5928,149538
108.6230,72296
108.6556,94036
108.6904,77476
108.7248,53343
108.7576,52277
108.7901,117267
108.8232,90724
108.8560,148045
108.8902,55623
108.9260,141062
108.9602,133204
108.9919,98028
109.0244,109146
109.0559,107424
109.0907,53350
109.1231,148703
109.1570,141978
109.1909,107295
109.2235,60145
109.2567,81856
109.2903,119811
109.3264,65561
109.3584,123191
109.3910,117149
109.4249,56414
109.4568,126359
109.4917,144927
109.5240,63139
109.5570,89028
109.5895,68036
109.6244,138050
109.6559,89576
109.6914,141058
109.7227,59481
109.7572,110841
109.7899,147430
109.8245,70761
109.8586,136001
109.8914,128943
109.9252,72936
109.9562,81138
109.9911,92670
110.0244,122854
110.0556,143293
110.0897,70441
110.1236,138043
110.1575,108646
110.1900,137703
110.2234,145760
110.2581,132589
110.2912,89611
110.3252,64938
110.3593,143785
110.3897,124803
110.4223,78328
110.4567,113473
110.4903,134594
110.5246,72530
110.5585,88143
110.5931,55762
110.6240,82555
110.6558,122735
110.6906,92638
110.7266,127579
110.7560,141473
110.7914,71551
110.8234,57131
110.8556,137182
110.8895,145233
110.9241,135604
110.9562,148608
110.9897,129049
111.0256,146832
111.0569,121976
111.0909,107272
111.1246,140745
111.1596,63487
111.1905,65468
111.2248,108863
111.2587,63975
111.2901,110457
111.3222,85454
111.3581,89918
111.3927,77531
111.4242,131928
111.4572,78361
111.4929,102723
111.5234,90686
111.5598,124988
111.5920,143045
111.6264,136857
111.6574,95530
111.6933,128083
111.7230,51141
111.7584,73315
111.7898,86104
111.8242,146418
111.8626,86388
111.8924,107313
111.9263,133451
111.9811,127393
111.9960,94738
112.0259,138921
112.0565,97420
112.0906,102627
112.1247,87965
112.1573,127378
112.1922,74247
112.2223,76777
112.2565,129505
112.2926,109257
112.3231,51564
112.3580,135837
112.3928,106566
112.4239,110723
112.4572,126169
112.4912,106783
112.5223,65868
112.5572,67885
112.5911,103110
112.6246,95619
112.6575,58099
112.6912,58982
112.7230,51503
112.7560,146801
112.7903,66503
112.8223,94445
112.8562,104393
112.8906,81968
112.9232,59563
112.9560,56037
112.9903,94133
113.0247,79390
113.0567,80308
113.0907,91069
113.1240,122365
113.1580,87089
113.1895,125143
113.2240,82351
113.2569,86867
113.2918,124455
113.3239,130635
113.3578,112183
113.3917,117875
113.4239,138235
113.4575,52354
113.4918,94713
113.5241,51399
113.5581,145447
113.5915,74757
113.6247,105303
113.6575,70014
113.6914,106997
113.7250,131898
113.7562,67853
113.7909,142772
113.8241,96746
113.8566,114143
113.8916,81804
113.9229,69761
113.9583,73493
113.9903,83796
114.0237,71130
114.0578,52537
114.0898,129258
114.1231,80717
114.1569,136556
114.1902,82851
114.2225,62034
114.2570,69597
114.2905,78039
114.3224,70101
114.3557,126667
114.3927,53638
114.4244,135798
114.4560,141423
114.4907,144758
114.5239,136938
114.5572,102123
114.5894,121605
114.6233,93019
114.6568,53683
114.6911,55791
114.7256,144946
114.7581,94989
114.7923,79307
114.8247,104492
114.8560,64042
114.8902,96063
114.9236,144311
114.9563,72425
114.9894,101916
115.0236,61476
115.0560,144160
115.0895,143608
115.1252,53850
115.1559,106032
115.1910,104735
115.2241,52120
115.2577,72608
115.2913,115205
115.3226,62737
115.3581,73195
115.3903,70030
115.4231,127965
115.4556,61334
115.4919,60205
115.5232,137017
115.5563,67888
115.5896,149589
115.6242,105447
115.6569,136373
115.6930,116738
115.7226,120662
115.7564,57686
115.7912,117874
115.8226,142235
115.8557,93787
115.8919,61082
115.9224,86037
115.9576,66038
115.9909,75439
116.0225,114653
116.0558,108040
116.0904,124481
116.1244,145057
116.1577,133424
116.1910,106747
116.2231,134215
116.2574,117693
116.2904,86790
116.3229,70020
116.3574,73031
116.3912,135902
116.4230,52475
116.4572,91511
116.4913,58900
116.5229,109952
116.5571,56586
116.5909,106481
116.6237,118549
116.6565,67958
116.6909,106770
116.7231,70058
116.7561,94939
116.7921,136339
116.8252,99742
116.8556,131467
116.8905,136715
116.9231,92021
116.9571,124413
116.9906,83405
117.0240,103996
117.0560,125091
117.0920,122404
117.1233,52869
117.1565,108219
117.1903,105558
117.2240,149278
117.2555,126680
117.2897,121671
117.3222,75101
117.3601,132116
117.3911,64408
117.4253,105824
117.4566,143349
117.4919,98685
117.5251,122291
117.5585,124127
117.5929,144296
117.6256,79009
117.6577,118391
117.6926,114270
117.7240,66121
117.7577,83925
117.7915,58351
117.8274,123663
117.8572,64565
117.8910,59103
117.9238,143078
117.9577,118603
117.9902,134802
118.0255,142253
118.0572,67775
118.0911,103449
118.1229,91978
118.1555,56010
118.1923,97249
118.2236,142119
118.2562,64746
118.2908,55631
118.3281,58782
118.3559,113347
118.3901,119268
118.4320,121866
